[{"name":"constants","qualifiedName":"constants","href":"constants/constants-library.html","kind":9,"overriddenDepth":0,"packageRank":0,"desc":""},{"name":"Constants","qualifiedName":"constants.Constants","href":"constants/Constants-class.html","kind":3,"overriddenDepth":0,"packageRank":0,"desc":"","enclosedBy":{"name":"constants","kind":9,"href":"constants/constants-library.html"}},{"name":"Constants","qualifiedName":"constants.Constants.Constants","href":"constants/Constants/Constants.html","kind":2,"overriddenDepth":0,"packageRank":0,"desc":"","enclosedBy":{"name":"Constants","kind":3,"href":"constants/Constants-class.html"}},{"name":"blackColor","qualifiedName":"constants.Constants.blackColor","href":"constants/Constants/blackColor.html","kind":16,"overriddenDepth":0,"packageRank":0,"desc":"","enclosedBy":{"name":"Constants","kind":3,"href":"constants/Constants-class.html"}},{"name":"greyColor","qualifiedName":"constants.Constants.greyColor","href":"constants/Constants/greyColor.html","kind":16,"overriddenDepth":0,"packageRank":0,"desc":"","enclosedBy":{"name":"Constants","kind":3,"href":"constants/Constants-class.html"}},{"name":"linearGradientBlue","qualifiedName":"constants.Constants.linearGradientBlue","href":"constants/Constants/linearGradientBlue.html","kind":16,"overriddenDepth":0,"packageRank":0,"desc":"","enclosedBy":{"name":"Constants","kind":3,"href":"constants/Constants-class.html"}},{"name":"linearGradientPurple","qualifiedName":"constants.Constants.linearGradientPurple","href":"constants/Constants/linearGradientPurple.html","kind":16,"overriddenDepth":0,"packageRank":0,"desc":"","enclosedBy":{"name":"Constants","kind":3,"href":"constants/Constants-class.html"}},{"name":"primaryColor","qualifiedName":"constants.Constants.primaryColor","href":"constants/Constants/primaryColor.html","kind":16,"overriddenDepth":0,"packageRank":0,"desc":"","enclosedBy":{"name":"Constants","kind":3,"href":"constants/Constants-class.html"}},{"name":"secondaryColor","qualifiedName":"constants.Constants.secondaryColor","href":"constants/Constants/secondaryColor.html","kind":16,"overriddenDepth":0,"packageRank":0,"desc":"","enclosedBy":{"name":"Constants","kind":3,"href":"constants/Constants-class.html"}},{"name":"shader","qualifiedName":"constants.Constants.shader","href":"constants/Constants/shader.html","kind":16,"overriddenDepth":0,"packageRank":0,"desc":"","enclosedBy":{"name":"Constants","kind":3,"href":"constants/Constants-class.html"}},{"name":"tertiaryColor","qualifiedName":"constants.Constants.tertiaryColor","href":"constants/Constants/tertiaryColor.html","kind":16,"overriddenDepth":0,"packageRank":0,"desc":"","enclosedBy":{"name":"Constants","kind":3,"href":"constants/Constants-class.html"}},{"name":"detail_page","qualifiedName":"detail_page","href":"ui_detail_page/ui_detail_page-library.html","kind":9,"overriddenDepth":0,"packageRank":0,"desc":""},{"name":"DetailPage","qualifiedName":"detail_page.DetailPage","href":"ui_detail_page/DetailPage-class.html","kind":3,"overriddenDepth":0,"packageRank":0,"desc":"","enclosedBy":{"name":"detail_page","kind":9,"href":"ui_detail_page/ui_detail_page-library.html"}},{"name":"DetailPage","qualifiedName":"detail_page.DetailPage.DetailPage","href":"ui_detail_page/DetailPage/DetailPage.html","kind":2,"overriddenDepth":0,"packageRank":0,"desc":"","enclosedBy":{"name":"DetailPage","kind":3,"href":"ui_detail_page/DetailPage-class.html"}},{"name":"createState","qualifiedName":"detail_page.DetailPage.createState","href":"ui_detail_page/DetailPage/createState.html","kind":10,"overriddenDepth":1,"packageRank":0,"desc":"Creates the mutable state for this widget at a given location in the tree.","enclosedBy":{"name":"DetailPage","kind":3,"href":"ui_detail_page/DetailPage-class.html"}},{"name":"dailyForecastWeather","qualifiedName":"detail_page.DetailPage.dailyForecastWeather","href":"ui_detail_page/DetailPage/dailyForecastWeather.html","kind":16,"overriddenDepth":0,"packageRank":0,"desc":"","enclosedBy":{"name":"DetailPage","kind":3,"href":"ui_detail_page/DetailPage-class.html"}},{"name":"home_page","qualifiedName":"home_page","href":"ui_home_page/ui_home_page-library.html","kind":9,"overriddenDepth":0,"packageRank":0,"desc":""},{"name":"HomePage","qualifiedName":"home_page.HomePage","href":"ui_home_page/HomePage-class.html","kind":3,"overriddenDepth":0,"packageRank":0,"desc":"","enclosedBy":{"name":"home_page","kind":9,"href":"ui_home_page/ui_home_page-library.html"}},{"name":"HomePage","qualifiedName":"home_page.HomePage.HomePage","href":"ui_home_page/HomePage/HomePage.html","kind":2,"overriddenDepth":0,"packageRank":0,"desc":"","enclosedBy":{"name":"HomePage","kind":3,"href":"ui_home_page/HomePage-class.html"}},{"name":"createState","qualifiedName":"home_page.HomePage.createState","href":"ui_home_page/HomePage/createState.html","kind":10,"overriddenDepth":1,"packageRank":0,"desc":"Creates the mutable state for this widget at a given location in the tree.","enclosedBy":{"name":"HomePage","kind":3,"href":"ui_home_page/HomePage-class.html"}},{"name":"main","qualifiedName":"main","href":"main/main-library.html","kind":9,"overriddenDepth":0,"packageRank":0,"desc":""},{"name":"MyApp","qualifiedName":"main.MyApp","href":"main/MyApp-class.html","kind":3,"overriddenDepth":0,"packageRank":0,"desc":"","enclosedBy":{"name":"main","kind":9,"href":"main/main-library.html"}},{"name":"MyApp","qualifiedName":"main.MyApp.MyApp","href":"main/MyApp/MyApp.html","kind":2,"overriddenDepth":0,"packageRank":0,"desc":"","enclosedBy":{"name":"MyApp","kind":3,"href":"main/MyApp-class.html"}},{"name":"build","qualifiedName":"main.MyApp.build","href":"main/MyApp/build.html","kind":10,"overriddenDepth":1,"packageRank":0,"desc":"Describes the part of the user interface represented by this widget.","enclosedBy":{"name":"MyApp","kind":3,"href":"main/MyApp-class.html"}},{"name":"main","qualifiedName":"main.main","href":"main/main.html","kind":8,"overriddenDepth":0,"packageRank":0,"desc":"","enclosedBy":{"name":"main","kind":9,"href":"main/main-library.html"}},{"name":"weather_item","qualifiedName":"weather_item","href":"components_weather_item/components_weather_item-library.html","kind":9,"overriddenDepth":0,"packageRank":0,"desc":""},{"name":"WeatherItem","qualifiedName":"weather_item.WeatherItem","href":"components_weather_item/WeatherItem-class.html","kind":3,"overriddenDepth":0,"packageRank":0,"desc":"","enclosedBy":{"name":"weather_item","kind":9,"href":"components_weather_item/components_weather_item-library.html"}},{"name":"WeatherItem","qualifiedName":"weather_item.WeatherItem.WeatherItem","href":"components_weather_item/WeatherItem/WeatherItem.html","kind":2,"overriddenDepth":0,"packageRank":0,"desc":"","enclosedBy":{"name":"WeatherItem","kind":3,"href":"components_weather_item/WeatherItem-class.html"}},{"name":"build","qualifiedName":"weather_item.WeatherItem.build","href":"components_weather_item/WeatherItem/build.html","kind":10,"overriddenDepth":1,"packageRank":0,"desc":"Describes the part of the user interface represented by this widget.","enclosedBy":{"name":"WeatherItem","kind":3,"href":"components_weather_item/WeatherItem-class.html"}},{"name":"imageUrl","qualifiedName":"weather_item.WeatherItem.imageUrl","href":"components_weather_item/WeatherItem/imageUrl.html","kind":16,"overriddenDepth":0,"packageRank":0,"desc":"","enclosedBy":{"name":"WeatherItem","kind":3,"href":"components_weather_item/WeatherItem-class.html"}},{"name":"unit","qualifiedName":"weather_item.WeatherItem.unit","href":"components_weather_item/WeatherItem/unit.html","kind":16,"overriddenDepth":0,"packageRank":0,"desc":"","enclosedBy":{"name":"WeatherItem","kind":3,"href":"components_weather_item/WeatherItem-class.html"}},{"name":"value","qualifiedName":"weather_item.WeatherItem.value","href":"components_weather_item/WeatherItem/value.html","kind":16,"overriddenDepth":0,"packageRank":0,"desc":"","enclosedBy":{"name":"WeatherItem","kind":3,"href":"components_weather_item/WeatherItem-class.html"}}]
